ReadableTitle,Title,Author,Narrator,Series,Genres
Heretical Fishing 1,HereticalFishing1,HaylockJobson,HeathMiller,HereticalFishing1,SliceofLifeFishingFantasyHumerousLitRPG
The Dungeon Anarchist's Cookbook,TheDungeonAnarchistsCookbook,MattDinniman,JeffHays,DungeonCrawlerCarl3,LitRPGScienceFictionFantasyActionAdventureHumerousAliens
Dungeon Crawler Carl,DungeonCrawlerCarl,MattDinniman,JeffHays,DungeonCrawlerCarl1,LitRPGScienceFictionFantasyHumerousActionAdventureAliens
Carl's Doomsday Scenario,CarlsDoomsdayScenario,MattDinniman,JeffHays,DungeonCrawlerCarl2,LitRPGScienceFictionFantasyHumerousActionAdventureAliens
Heretical Fishing 2,HereticalFishing2,HaylockJobson,HeathMiller,HereticalFishing2,FantasyFishingHumerousLitRPGSliceofLife
Gideon the Ninth,GideontheNinth,TamsynMuir,MoiraQuirk,TheLockedTombTrilogy1,ScienceFictionFantasyDarkYoungAdultLGBTQA
He Who Fights with Monsters,HeWhoFightswithMonsters,Shirtaloon,HeathMiller,HeWhoFightswithMonsters1,ActionAdventureLitRPGHumerousFantasy
He Who Fights with Monsters 2,HeWhoFightswithMonsters2,Shirtaloon,HeathMiller,HeWhoFightswithMonsters2,ActionAdventureFantasyLitRPGHumerous
The Butcher's Masquerade,TheButchersMasquerade,MattDinniman,JeffHays,DungeonCrawlerCarl5,LitRPGScienceFictionFantasyHumerousActionAdventureAliens
The Eye of the Bedlam Bride,TheEyeoftheBedlamBride,MattDinniman,JeffHays,DungeonCrawlerCarl6,LitRPGScienceFictionFantasyActionAdventureAliensHumerous
The Gate of the Feral Gods,TheGateoftheFeralGods,MattDinniman,JeffHays,DungeonCrawlerCarl4,LitRPGScienceFictionFantasyActionAdventureAliensHumerous
He Who Fights with Monsters 3,HeWhoFightswithMonsters3,Shirtaloon,HeathMiller,HeWhoFightswithMonsters3,ActionAdventureFantasyHumerousLitRPG
He Who Fights with Monsters 4,HeWhoFightswithMonsters4,Shirtaloon,HeathMiller,HeWhoFightswithMonsters4,ActionAdventureFantasyHumerousLitRPG
He Who Fights with Monsters 5,HeWhoFightswithMonsters5,Shirtaloon,HeathMiller,HeWhoFightswithMonsters5,ActionAdventureFantasyHumerousLitRPG
He Who Fights with Monsters 6,HeWhoFightswithMonsters6,Shirtaloon,HeathMiller,HeWhoFightswithMonsters6,FantasyHumerousLitRPGActionAdventure
He Who Fights with Monsters 7,HeWhoFightswithMonsters7,Shirtaloon,HeathMiller,HeWhoFightswithMonsters7,ActionAdventureFantasyHumerousLitRPG
He Who Fights with Monsters 8,HeWhoFightswithMonsters8,Shirtaloon,HeathMiller,HeWhoFightswithMonsters8,FantasyActionAdventureHumerousLitRPG
He Who Fights with Monsters 9,HeWhoFightswithMonsters9,Shirtaloon,HeathMiller,HeWhoFightswithMonsters9,ActionAdventureFantasyLitRPGHumerous
He Who Fights with Monsters 10,HeWhoFightswithMonsters10,Shirtaloon,HeathMiller,HeWhoFightswithMonsters10,ActionAdventureFantasyHumerousLitRPG
He Who Fights with Monsters 11,HeWhoFightswithMonsters11,Shirtaloon,HeathMiller,HeWhoFightswithMonsters11,HumerousLitRPGActionAdventureFantasy
Columbus Day,ColumbusDay,CraigAlanson,RCBray,ExpeditionaryForce1,SpacewarfareScienceFictionActionAliens
The Way of Kings (Graphic Audio),TheWayofKingsGraphicAudio,BrandonSanderson,GraphicAudio,TheStormlightArchivesGraphicAudio1,EpicActionAdventureFantasy
Words Of Radiance (Graphic Audio),WordsOfRadianceGraphicAudio,BrandonSanderson,GraphicAudio,TheStormlightArchivesGraphicAudio2,EpicActionAdventureFantasy
SpecOps,SpecOps,CraigAlanson,RCBray,ExpeditionaryForce2,AliensActionScienceFictionSpacewarfare
Harrow the Ninth,HarrowtheNinth,TamsynMuir,MoiraQuirk,TheLockedTombTrilogy2,DarkScienceFictionFantasyYoungAdultLGBTQA
Nona the Ninth,NonatheNinth,TamsynMuir,MoiraQuirk,TheLockedTombTrilogy3,ScienceFictionFantasyYoungAdultDarkLGBTQA
Paradise,Paradise,CraigAlanson,RCBray,ExpeditionaryForce3,ScienceFictionSpacewarfareAliensAction
The Transgender Issue: An Argument for Justice,TheTransgenderIssueAnArgumentforJustice,ShonFaye,ShonFaye,,SocialScience
Black Ops,BlackOps,CraigAlanson,RCBray,ExpeditionaryForce4,ActionAliensScienceFictionSpacewarfare
Zero Hour,ZeroHour,CraigAlanson,RCBray,ExpeditionaryForce5,ScienceFictionSpacewarfareAliensAction
Renegades,Renegades,CraigAlanson,RCBray,ExpeditionaryForce7,ActionAliensScienceFictionSpacewarfare
Armageddon,Armageddon,CraigAlanson,RCBray,ExpeditionaryForce8,ScienceFictionSpacewarfareAliensAction
Valkyrie,Valkyrie,CraigAlanson,RCBray,ExpeditionaryForce9,ActionAliensScienceFictionSpacewarfare
Mavericks,Mavericks,CraigAlanson,RCBray,ExpeditionaryForce6,ActionAliensScienceFictionSpacewarfare
Critical Mass,CriticalMass,CraigAlanson,RCBray,ExpeditionaryForce10,ActionAliensScienceFictionSpacewarfare
Breakaway,Breakaway,CraigAlanson,RCBray,ExpeditionaryForce12,ActionAliensScienceFictionSpacewarfare
Brushfire,Brushfire,CraigAlanson,RCBray,ExpeditionaryForce11,ScienceFictionSpacewarfareAliensAction
Deathtrap,Deathtrap,CraigAlanson,RCBray,ExpeditionaryForceMavericks1,ActionAliensScienceFictionSpacewarfare
Freefall,Freefall,CraigAlanson,RCBray,ExpeditionaryForceMavericks2,ActionEpicScienceFictionSpacewarfare
Fallout,Fallout,CraigAlanson,RCBray,ExpeditionaryForce13,ActionAliensScienceFictionSpacewarfare
Match Game,MatchGame,CraigAlanson,RCBray,ExpeditionaryForce14,ActionAliensScienceFictionSpacewarfare
Failure Mode,FailureMode,CraigAlanson,RCBray,ExpeditionaryForce15,ActionAliensScienceFictionSpacewarfare
Aftermath,Aftermath,CraigAlanson,RCBray,ExpeditionaryForce16,ScienceFictionSpacewarfareAliensAction
Task Force Hammer,TaskForceHammer,CraigAlanson,RCBray,ExpeditionaryForce17,ActionAliensScienceFictionSpacewarfare
Red Rising,RedRising,PierceBrown,TimGerardReynolds,RedRising1,ActionScienceFictionDystopian
Golden Son,GoldenSon,PierceBrown,TimGerardReynolds,RedRising2,ActionDystopianEpicScienceFictionSpacewarfare
Morning Star,MorningStar,PierceBrown,TimGerardReynolds,RedRising3,ScienceFictionSpacewarfareEpicDystopianAction
Iron Gold,IronGold,PierceBrown,JohnCurlessTimGerardReynoldsJulianElferAedinMoloney,RedRising4,ActionDystopianEpicScienceFiction
Dark Age,DarkAge,PierceBrown,TimGerardReynoldsJohnCurlessMoiraQuirkJamesLangtonRendahHeywood,RedRising5,ActionDystopianEpicScienceFiction
Light Bringer,LightBringer,PierceBrown,TimGerardReynolds,RedRising6,ActionDystopianScienceFictionEpic
Oathbringer,Oathbringer,BrandonSanderson,GraphicAudio,TheStormlightArchivesGraphicAudio3,ActionAdventureEpicFantasy
Rhythm of War,RhythmofWar,BrandonSanderson,GraphicAudio,TheStormlightArchivesGraphicAudio4,ActionAdventureEpicFantasy
Wool,Wool,HughHowey,SusannahHarker,TheSiloSaga1,Post-ApocalypticMysteryDramaDystopianScienceFiction
Shift,Shift,HughHowey,PeterBrooke,TheSiloSaga2,MysteryPost-ApocalypticDystopianDramaScienceFiction
Dust,Dust,HughHowey,SusannahHarker,TheSiloSaga3,DramaDystopianPost-ApocalypticMysteryScienceFiction
Children of Time,ChildrenofTime,AdrianTchaikovsky,MelHudson,TheChildrenofTimeNovels1,ScienceFictionSpaceOperaFirstContactPost-Apocalyptic
Children of Ruin,ChildrenofRuin,AdrianTchaikovsky,MelHudson,TheChildrenofTimeNovels2,FirstContactScienceFictionSpaceExploration
Fourth Wing,FourthWing,RebeccaYarros,GraphicAudio,TheEmpyreanGraphicAudio1,ActionAdventureFantasyRomanceYoungAdult
Legends & Lattes,LegendsLattes,TravisBaldree,TravisBaldree,LegendsLattes1,SliceofLifeRomanceFantasyCozyLGBTQA
Bookshops & Bonedust,BookshopsBonedust,TravisBaldree,TravisBaldree,LegendsLattes2,FantasyCozySliceofLifeRomanceLGBTQA
Sufficiently Advanced Magic,SufficientlyAdvancedMagic,AndrewRowe,NickPodehl,ArcaneAscension1,EpicLitRPGYoungAdultActionAdventureFantasy
On the Shoulders of Titans,OntheShouldersofTitans,AndrewRowe,NickPodehl,ArcaneAscension2,ActionAdventureEpicFantasyLitRPGYoungAdult
The Torch That Ignites the Stars,TheTorchThatIgnitestheStars,AndrewRowe,NickPodehl,ArcaneAscension3,YoungAdultLitRPGEpicActionAdventure
The Silence of Unworthy Gods,TheSilenceofUnworthyGods,AndrewRowe,NickPodehl,ArcaneAscension4,ActionAdventureEpicFantasyLitRPGYoungAdult
Will Save the Galaxy for Food,WillSavetheGalaxyforFood,YahtzeeCroshaw,YahtzeeCroshaw,JacquesMcKeown1,SpaceExplorationScienceFictionDystopianHumerousActionAdventure
Will Destroy the Galaxy for Cash,WillDestroytheGalaxyforCash,YahtzeeCroshaw,YahtzeeCroshaw,JacquesMcKeown2,ScienceFictionSpaceExplorationActionAdventureHumerousDystopian
Will Leave the Galaxy for Good,WillLeavetheGalaxyforGood,YahtzeeCroshaw,YahtzeeCroshaw,JacquesMcKeown3,ActionAdventureAliensHumerousDystopianScienceFictionSpaceExploration
We Are Legion (We Are Bob),WeAreLegionWeAreBob,DennisETaylor,RayPorter,Bobiverse1,SpaceOperaSpaceExplorationScienceFictionHumerousFirstContactAdventure
For We Are Many,ForWeAreMany,DennisETaylor,RayPorter,Bobiverse2,AdventureFirstContactHumerousScienceFictionSpaceExplorationSpaceOpera
All These Worlds,AllTheseWorlds,DennisETaylor,RayPorter,Bobiverse3,FirstContactAdventureHumerousScienceFictionSpaceExplorationSpaceOpera
Heaven's River,HeavensRiver,DennisETaylor,RayPorter,Bobiverse4,ScienceFictionSpaceExplorationSpaceOperaHumerousAdventure
Not Till We Are Lost,NotTillWeAreLost,DennisETaylor,RayPorter,Bobiverse5,SpaceExplorationAdventureHumerousScienceFictionSpaceOpera
Dawnshard,Dawnshard,BrandonSanderson,KateReadingMichaelKramer,TheStormlightArchiveStandard35,ActionAdventureEpicFantasy
Edgedancer,Edgedancer,BrandonSanderson,KateReading,TheStormlightArchiveStandard25,ActionAdventureEpicFantasy
Oathbringer,Oathbringer,BrandonSanderson,MichaelKramerKateReading,TheStormlightArchiveStandard3,ActionAdventureEpicFantasy
Rhythm of War,RhythmofWar,BrandonSanderson,KateReadingMichaelKramer,TheStormlightArchiveStandard4,FantasyEpicActionAdventure
The Way of Kings,TheWayofKings,BrandonSanderson,MichaelKramerKateReading,TheStormlightArchiveStandard1,FantasyEpicActionAdventure
Wind and Truth,WindandTruth,BrandonSanderson,KateReadingMichaelKramer,TheStormlightArchiveStandard5,ActionAdventureEpicFantasy
Words of Radiance,WordsofRadiance,BrandonSanderson,MichaelKramerKateReading,TheStormlightArchiveStandard2,ActionAdventureEpicFantasy
Mistborn: The Final Empire,MistbornTheFinalEmpire,BrandonSanderson,MichaelKramer,Mistborn1,ActionAdventureDystopianEpicFantasy
Mistborn: Secret History,MistbornSecretHistory,BrandonSanderson,MichaelKramerKateReading,Mistborn35,ActionAdventureEpicDystopianFantasy
Shadows of Self,ShadowsofSelf,BrandonSanderson,MichaelKramer,Mistborn5,ActionAdventureDramaFantasyWestern
The Alloy of Law,TheAlloyofLaw,BrandonSanderson,MichaelKramer,Mistborn4,FantasyDramaWestern
The Bands of Mourning,TheBandsofMourning,BrandonSanderson,MichaelKramer,Mistborn6,WesternFantasyEpic
The Hero of Ages,TheHeroofAges,BrandonSanderson,MichaelKramer,Mistborn3,Post-ApocalypticFantasyEpicDystopian
The Alloy of Law,TheAlloyofLaw,BrandonSanderson,MichaelKramer,Mistborn7,WesternFantasyEpic
The Well of Ascension,TheWellofAscension,BrandonSanderson,MichaelKramer,Mistborn2,DystopianFantasyActionAdventureEpic
Calamity,Calamity,BrandonSanderson,MacLeodAndrews,Reckoners3,YoungAdultScienceFictionPost-ApocalypticDystopianActionAdventure
Firefight,Firefight,BrandonSanderson,MacLeodAndrews,Reckoners2,Post-ApocalypticScienceFictionYoungAdultDystopianActionAdventure
Mitosis,Mitosis,BrandonSanderson,MacleodAndrews,Reckoners15,DystopianScienceFictionYoungAdultPost-ApocalypticActionAdventure
Steelheart,Steelheart,BrandonSanderson,MacLeodAndrews,Reckoners1,ActionAdventureDystopianPost-ApocalypticYoungAdultScienceFiction
Skyward,Skyward,BrandonSanderson,SophieAldred,TheSkywardSeries1,AdventureScienceFictionSpacewarfareYoungAdultPost-ApocalypticAliens
Starsight,Starsight,BrandonSanderson,SophieAldred,TheSkywardSeries2,AdventureAliensScienceFictionSpacewarfareSpaceOperaYoungAdult
Cytonic,Cytonic,BrandonSanderson,SophieAldred,TheSkywardSeries3,YoungAdultSpacewarfareSpaceOperaScienceFictionAliensActionAdventure
Defending Elysium,DefendingElysium,BrandonSanderson,NickCamm,TheSkywardSeries0,ActionAdventureAliensScienceFictionSpacewarfareYoungAdult
Evershore,Evershore,BrandonSandersonJanciPatterson,SuzyJackson,TheSkywardSeries23,ActionAdventureAliensSpacewarfareYoungAdultScienceFiction
ReDawn,ReDawn,BrandonSandersonJanciPatterson,SuzyJackson,TheSkywardSeries22,YoungAdultSpacewarfareScienceFictionAliensActionAdventure
Sunreach,Sunreach,BrandonSandersonJanciPatterson,SuzyJackson,TheSkywardSeries21,ActionAdventureAliensScienceFictionSpacewarfareYoungAdult
Defiant,Defiant,BrandonSanderson,SophieAldred,TheSkywardSeries4,YoungAdultSpacewarfareScienceFictionAliensActionAdventure
The Wandering Inn,TheWanderingInn,Pirateaba,AndreaParsneau,TheWanderingInn1,ActionAdventureLitRPGFantasy
Fae and Faire,FaeandFaire,Pirateaba,AndreaParsneau,TheWanderingInn2,YoungAdultFantasyActionAdventureLitRPG
Flowers of Esthelm,FlowersofEsthelm,Pirateaba,AndreaParsneau,TheWanderingInn3,ActionAdventureLitRPGYoungAdultFantasy
The Black Prism,TheBlackPrism,BrentWeeks,SimonVance,LightbringerSaga1,EpicFantasyActionAdventure
The Blinding Knife,TheBlindingKnife,BrentWeeks,SimonVance,LightbringerSaga2,FantasyActionAdventureEpic
The Broken Eye,TheBrokenEye,BrentWeeks,SimonVance,LightbringerSaga3,EpicFantasyActionAdventure
The Blood Mirror,TheBloodMirror,BrentWeeks,SimonVance,LightbringerSaga4,ActionAdventureEpicFantasy
The Burning White,TheBurningWhite,BrentWeeks,SimonVance,LightbringerSaga5,EpicFantasyActionAdventure
Storm Front,StormFront,JimButcher,JamesMarsters,TheDresdenFiles1,SupernaturalContemoraryDarkFantasyDetective
Fool Moon,FoolMoon,JimButcher,JamesMarsters,TheDresdenFiles2,ContemoraryDetectiveDarkFantasySupernatural
Grave Peril,GravePeril,JimButcher,JamesMarsters,TheDresdenFiles3,SupernaturalFantasyDetectiveDarkContemorary
Summer Knight,SummerKnight,JimButcher,JamesMarsters,TheDresdenFiles4,ContemoraryDetectiveFantasySupernaturalDark
Death Masks,DeathMasks,JimButcher,JamesMarsters,TheDresdenFiles5,SupernaturalFantasyDarkDetectiveContemorary
Blood Rites,BloodRites,JimButcher,JamesMarsters,TheDresdenFiles6,ContemoraryDarkDetectiveFantasySupernatural
Dead Beat,DeadBeat,JimButcher,JamesMarsters,TheDresdenFiles7,SupernaturalFantasyDetectiveDarkContemorary
Proven Guilty,ProvenGuilty,JimButcher,JamesMarsters,TheDresdenFiles8,ContemoraryDarkDetectiveFantasySupernatural
Children of Memory,ChildrenofMemory,AdrianTchaikovsky,MelHudson,TheChildrenofTimeNovels3,SpaceOperaScienceFiction
Iron Flame (Graphic Audio),IronFlameGraphicAudio,RebeccaYarros,GraphicAudio,TheEmpyreanGraphicAudio2,ActionAdventureEpicFantasyRomanceYoungAdult
The Eye of the World,TheEyeoftheWorld,RobertJordan,KateReadingMichaelKramer,TheWheelofTime1,ActionAdventureEpicFantasy
A Memory of Light,AMemoryofLight,RobertJordanBrandonSanderson,KateReadingMichaelKramer,TheWheelofTime14,EpicFantasyActionAdventure
Towers of Midnight,TowersofMidnight,RobertJordanBrandonSanderson,KateReadingMichaelKramer,TheWheelofTime13,ActionAdventureFantasyEpic
The Gathering Storm,TheGatheringStorm,RobertJordanBrandonSanderson,KateReadingMichaelKramer,TheWheelofTime12,FantasyEpicActionAdventure
Knife Of Dreams,KnifeOfDreams,RobertJordan,KateReadingMichaelKramer,TheWheelofTime11,ActionAdventureEpicFantasy
New Spring,NewSpring,RobertJordan,KateReadingMichaelKramer,TheWheelofTime0,ActionAdventureFantasyEpic
Crossroads Of Twilight,CrossroadsOfTwilight,RobertJordan,KateReadingMichaelKramer,TheWheelofTime10,EpicFantasyActionAdventure
Winter's Heart,WintersHeart,RobertJordan,KateReadingMichaelKramer,TheWheelofTime9,FantasyEpicActionAdventure
The Path of Daggers,ThePathofDaggers,RobertJordan,KateReadingMichaelKramer,TheWheelofTime8,ActionAdventureEpicFantasy
A Crown of Swords,ACrownofSwords,RobertJordan,KateReadingMichaelKramer,TheWheelofTime7,EpicFantasyActionAdventure
The Fires of Heaven,TheFiresofHeaven,RobertJordan,KateReadingMichaelKramer,TheWheelofTime5,ActionAdventureEpicFantasy
Lord of Chaos,LordofChaos,RobertJordan,KateReadingMichaelKramer,TheWheelofTime6,ActionAdventureEpicFantasy
The Shadow Rising,TheShadowRising,RobertJordan,KateReadingMichaelKramer,TheWheelofTime4,EpicFantasyActionAdventure
The Dragon Reborn,TheDragonReborn,RobertJordan,KateReadingMichaelKramer,TheWheelofTime3,ActionAdventureEpicFantasy
The Great Hunt,TheGreatHunt,RobertJordan,KateReadingMichaelKramer,TheWheelofTime2,EpicFantasyActionAdventure
Gardens of the Moon,GardensoftheMoon,StevenErikson,RalphLister,MalazanBookoftheFallen1,EpicFantasy
Deadhouse Gates,DeadhouseGates,StevenErikson,RalphLister,MalazanBookoftheFallen2,EpicFantasy
Memories of Ice,MemoriesofIce,StevenErikson,RalphLister,MalazanBookoftheFallen3,EpicFantasy
House of Chains,HouseofChains,StevenErikson,MichaelPage,MalazanBookoftheFallen4,EpicFantasy
Midnight Tides,MidnightTides,StevenErikson,MichaelPage,MalazanBookoftheFallen5,FantasyEpic
Bonehunters,Bonehunters,StevenErikson,MichaelPage,MalazanBookoftheFallen6,FantasyEpic
Reaper's Gale,ReapersGale,StevenErikson,JohnHaag,MalazanBookoftheFallen7,EpicFantasy
Toll the Hounds,TolltheHounds,StevenErikson,JohnHaag,MalazanBookoftheFallen8,FantasyEpic
Dust of Dreams,DustofDreams,StevenErikson,JohnHaag,MalazanBookoftheFallen9,FantasyEpic
The Crippled God,TheCrippledGod,StevenErikson,JohnHaag,MalazanBookoftheFallen10,FantasyEpic
The Stone Sky,TheStoneSky,NKJemisin,RobinMiles,TheBrokenEarth3,ActionAdventureFantasyEpicPost-ApocalypticLGBTQA
The Obelisk Gate,TheObeliskGate,NKJemisin,RobinMiles,TheBrokenEarth2,Post-ApocalypticFantasyEpicActionAdventureLGBTQA
The Fifth Season,TheFifthSeason,NKJemisin,RobinMiles,TheBrokenEarth1,ActionAdventureEpicFantasyPost-ApocalypticLGBTQA
"Detransition, Baby",DetransitionBaby,TorreyPeters,RenataFriedman,,LGBTQADrama
The Infinite and the Divine,TheInfiniteandtheDivine,RobertRath,RichardReed,,AliensDarkDystopianScienceFiction
Silverthorn,Silverthorn,RaymondEFeist,NicholasGuySmith,TheRiftwarSaga3,ActionAdventureEpicFantasy
A Darkness at Sethanon,ADarknessatSethanon,RaymondEFeist,NicholasGuySmith,TheRiftwarSaga3,ActionAdventureEpicFantasy
Magician,Magician,RaymondEFeist,PeterJoyce,TheRiftwarSaga1,ActionAdventureEpicFantasy
A Crown Imperiled,ACrownImperiled,RaymondEFeist,JohnMeagher,TheChaoswarSaga2,ActionAdventureEpicFantasy
A Kingdom Besieged,AKingdomBesieged,RaymondEFeist,PeterJoyce,TheChaoswarSaga1,FantasyEpicActionAdventure
Magician's End,MagiciansEnd,RaymondEFeist,JohnMeagher,TheChaoswarSaga3,EpicFantasyActionAdventure
Daughter of the Empire,DaughteroftheEmpire,RaymondEFeistJannyWurts,TaniaRodrigues,TheEmpireTrilogy1,ActionAdventureEpicFantasy
Servant of the Empire,ServantoftheEmpire,RaymondEFeistJannyWurts,TaniaRodrigues,TheEmpireTrilogy2,FantasyEpicActionAdventure
Mistress of the Empire,MistressoftheEmpire,RaymondEFeistJannyWurts,TaniaRodrigues,TheEmpireTrilogy3,ActionAdventureEpicFantasy
Prince of the Blood,PrinceoftheBlood,RaymondEFeist,PeterJoyce,KrondorsSons1,ActionAdventureEpicFantasy
The King's Buccaneer,TheKingsBuccaneer,RaymondEFeist,PeterJoyce,KrondorsSons2,ActionAdventureEpicFantasy
Rise of a Merchant Prince,RiseofaMerchantPrince,RaymondEFeist,PeterJoyce,TheSerpentwarSaga2,EpicFantasyActionAdventure
Shadow of a Dark Queen,ShadowofaDarkQueen,RaymondEFeist,PeterJoyce,TheSerpentwarSaga1,EpicFantasyActionAdventure
Rage of a Demon King,RageofaDemonKing,RaymondEFeist,PeterJoyce,TheSerpentwarSaga3,ActionAdventureEpicFantasy
Shards of a Broken Crown,ShardsofaBrokenCrown,RaymondEFeist,PeterJoyce,TheSerpentwarSaga4,EpicFantasyActionAdventure
Jimmy and the Crawler,JimmyandtheCrawler,RaymondEFeist,MattBates,TheRiftwarLegacy4,ActionAdventureEpicFantasy
Krondor: The Assassins,KrondorTheAssassins,RaymondEFeist,PeterJoyce,TheRiftwarLegacy2,EpicFantasyActionAdventure
Krondor: The Betrayal,KrondorTheBetrayal,RaymondEFeist,PeterJoyce,TheRiftwarLegacy1,ActionAdventureEpicFantasy
Krondor: Tear of the Gods,KrondorTearoftheGods,RaymondEFeist,PeterJoyce,TheRiftwarLegacy3,ActionAdventureEpicFantasy
Jimmy the Hand,JimmytheHand,RaymondEFeistSteveStirling,MattBates,LegendsoftheRiftwar3,ActionAdventureEpicFantasy
Honored Enemy,HonoredEnemy,RaymondEFeistWilliamRForstchen,MattBates,LegendsoftheRiftwar1,FantasyEpicActionAdventure
Murder in LaMut,MurderinLaMut,RaymondEFeistJoelRosenberg,MattBates,LegendsoftheRiftwar2,ActionAdventureEpicFantasy
Exile's Return,ExilesReturn,RaymondEFeist,PeterJoyce,ConclaveofShadows3,EpicFantasyActionAdventure
Talon of the Silver Hawk,TalonoftheSilverHawk,RaymondEFeist,PeterJoyce,ConclaveofShadows1,ActionAdventureEpicFantasy
King of Foxes,KingofFoxes,RaymondEFeist,PeterJoyce,ConclaveofShadows2,EpicFantasyActionAdventure
At the Gates of Darkness,AttheGatesofDarkness,RaymondEFeist,RichardFerrone,TheDemonwarSaga2,ActionAdventureEpicFantasy
Rides a Dread Legion,RidesaDreadLegion,RaymondEFeist,PeterJoyce,TheDemonwarSaga1,EpicFantasyActionAdventure
Flight of the Nighthawks,FlightoftheNighthawks,RaymondEFeist,PeterJoyce,TheDarkwarSaga1,ActionAdventureEpicFantasy
Into a Dark Realm,IntoaDarkRealm,RaymondEFeist,PeterJoyce,TheDarkwarSaga2,EpicFantasyActionAdventure
Wrath of a Mad God,WrathofaMadGod,RaymondEFeist,PeterJoyce,TheDarkwarSaga3,ActionAdventureEpicFantasy
The 6:20 Man,The620Man,DavidBaldacci,MelaLeeChristineLakinZacharyWebber,TravisDevine1,CrimeMisteryThriller
The Edge,TheEdge,DavidBaldacci,ZacharyWebberErinCottrellWillCollyerErinBennettTiffanySmith,TravisDevine2,CrimeMysteryThriller
To Die For,ToDieFor,DavidBaldacci,MelaLeeCassandraMorrisChristineLakinErinBennettKiffVandenheuvelRenaMarieVillanoWillCollyerZachVilla,TravisDevine3,ThrillerMisteryCrime
The Death of WCW,TheDeathofWCW,RDReynoldsBryanAlvarez,BryanAlvarez,,Autobiography
A Court of Thorns and Roses (Graphic Audio),ACourtofThornsandRosesGraphicAudio,SarahJMaas,GraphicAudio,ACourtofThornsandRosesGraphicAudio1,ActionAdventureRomanceFantasy
A Court of Mist and Fury,ACourtofMistandFury,SarahJMaas,GraphicAudio,ACourtofThornsandRosesGraphicAudio2,RomanceFantasyActionAdventure
A Court of Wings and Ruin,ACourtofWingsandRuin,SarahJMaas,AmandaLeighCobb,ACourtofThornsandRosesGraphicAudio3,ActionAdventureFantasyRomance
A Court of Silver Flames,ACourtofSilverFlames,SarahJMaas,GraphicAudio,ACourtofThornsandRosesGraphicAudio4,RomanceFantasyActionAdventure
A Court of Frost and Starlight,ACourtofFrostandStarlight,SarahJMaas,GraphicAudio,ACourtofThornsandRosesGraphicAudio35,ActionAdventureFantasyRomance
Tress of the Emerald Sea: A Cosmere Novel (Graphic Audio),TressoftheEmeraldSeaACosmereNovelGraphicAudio,BrandonSanderson,GraphicAudio,,ActionAdventureFantasy
The Three-Body Problem,TheThree-BodyProblem,CixinLiuKenLiu,RosalindChao,TheRemembranceofEarthsPast1,DramaAliensScienceFiction
The Dark Forest,TheDarkForest,CixinLiuKenLiu,BrunoRoubicek,TheRemembranceofEarthsPast2,AliensScienceFiction
Death's End,DeathsEnd,CixinLiuKenLiu,BrunoRoubicek,TheRemembranceofEarthsPast3,AliensScienceFictionEpic
Winter Solstice,WinterSolstice,Pirateaba,AndreaParsneau,TheWanderingInn4,LitRPGSliceofLifeFantasy
The Last Light,TheLastLight,Pirateaba,AndreaParsneau,TheWanderingInn5,FantasyLitRPGSliceofLife
The Wandering Inn - 2nd Edition,TheWanderingInn-2ndEdition,Pirateaba,AndreaParsneau,TheWanderingInn12,SliceofLifeLitRPGFantasy
The General of Izril,TheGeneralofIzril,Pirateaba,AndreaParsneau,TheWanderingInn6,SliceofLifeLitRPGFantasy
Rains of Liscor,RainsofLiscor,Pirateaba,AndreaParsneau,TheWanderingInn7,FantasyLitRPGSliceofLife
Blood of Liscor,BloodofLiscor,Pirateaba,AndreaParsneau,TheWanderingInn8,SliceofLifeLitRPGFantasy
All Systems Red (Graphic Audio),AllSystemsRedGraphicAudio,MarthaWells,GraphicAudio,MurderbotDiaries1,DramaScienceFictionDystopian
Artificial Condition (Graphic Audio),ArtificialConditionGraphicAudio,MarthaWells,GraphicAudio,MurderbotDiaries2,DramaDystopianScienceFiction
Rogue Protocol (Graphic Audio),RogueProtocolGraphicAudio,MarthaWells,GraphicAudio,MurderbotDiaries3,DramaDystopianScienceFiction
Exit Strategy (Graphic Audio),ExitStrategyGraphicAudio,MarthaWells,GraphicAudio,MurderbotDiaries4,DramaDystopianScienceFiction
Network Effect (Graphic Audio),NetworkEffectGraphicAudio,MarthaWells,GraphicAudio,MurderbotDiaries5,ScienceFictionDystopianDrama
This Inevitable Ruin,ThisInevitableRuin,MattDinniman,JeffHaysTravisBaldree,DungeonCrawlerCarl7,ActionAdventureAliensHumerousLitRPGScienceFictionFantasy
The Blade Itself,TheBladeItself,JoeAbercrombie,StevenPacey,TheFirstLawTrilogy1,ActionAdventureEpicFantasy
Before They Are Hanged,BeforeTheyAreHanged,JoeAbercrombie,StevenPacey,TheFirstLawTrilogy2,ActionAdventureEpicFantasy
Last Argument of Kings,LastArgumentofKings,JoeAbercrombie,StevenPacey,TheFirstLawTrilogy3,ActionAdventureEpicFantasy
Clean Sweep [Graphic Audio),CleanSweep[GraphicAudio,IlonaAndrews,GraphicAudio,InnkeeperChronicles1,RomanceParanormalUrban
Sweep in Peace (Graphic Audio),SweepinPeaceGraphicAudio,IlonaAndrews,GraphicAudio,InnkeeperChronicles2,FantasyParanormalUrbanRomance
One Fell Sweep (Graphic Audio),OneFellSweepGraphicAudio,IlonaAndrews,GraphicAudio,InnkeeperChronicles3,RomanceUrbanParanormal
Sweep of the Blade (Graphic Audio),SweepoftheBladeGraphicAudio,IlonaAndrews,GraphicAudio,InnkeeperChronicles4,RomanceParanormalUrbanFantasy
Sweep with Me (Graphic Audio),SweepwithMeGraphicAudio,IlonaAndrews,GraphicAudio,InnkeeperChronicles45,ParanormalUrbanFantasyRomance
Sweep of the Heart (Graphic Audio),SweepoftheHeartGraphicAudio,IlonaAndrews,GraphicAudio,InnkeeperChronicles5,RomanceFantasyParanormalUrban
Howls Moving Castle,HowlsMovingCastle,DianaWynneJones,KristinAtherton,Howl’sMovingCastle1,ActionAdventureFantasyClassic
Castle in the Air,CastleintheAir,DianaWynneJones,KristinAtherton,Howl’sMovingCastle2,ActionAdventureFantasyClassic
House of Many Ways,HouseofManyWays,DianaWynneJones,KristinAtherton,Howl’sMovingCastle3,ClassicActionAdventureFantasy
Dirk Gently's Holistic Detective Agency,DirkGentlysHolisticDetectiveAgency,DouglasAdams,StephenMangan,DirkGentlysHolisticDetectiveAgency1,HumerousMysteryClassicCrimeDetectiveAdventure
The Long Dark Tea-Time of the Soul,TheLongDarkTea-TimeoftheSoul,DouglasAdams,StephenMangan,DirkGentlysHolisticDetectiveAgency2,AdventureClassicDetectiveMysteryHumerous
The Salmon of Doubt,TheSalmonofDoubt,DouglasAdams,RichardDawkinsStephenFryStephenMangan,DirkGentlysHolisticDetectiveAgency3,AdventureDetectiveHumerousMysteryClassic
Heretical Fishing 3,HereticalFishing3,HaylockJobson,HeathMiller,HereticalFishing3,CozyFantasyFishingSliceofLifeLitRPG
Somewhere Beyond the Sea,SomewhereBeyondtheSea,TJKlune,DanielHenning,CeruleanChronicles2,LGBTQYoungAdultRomanceFantasy
The House in the Cerulean Sea,TheHouseintheCeruleanSea,TJKlune,DanielHenning,CeruleanChronicles1,LGBTQAFantasyRomanceYoungAdult
Star Wars: Heir to the Empire,StarWarsHeirtotheEmpire,TimothyZahn,MarcThompson,StarWarsTheThrawnTrilogy1,ActionAdventureEpicAliensScienceFiction
Star Wars: The Last Command,StarWarsTheLastCommand,TimothyZahn,MarcThompson,StarWarsTheThrawnTrilogy3,ScienceFictionEpicActionAdventureAliensSpaceOperaSpacewarfare
Star Wars: Dark Force Rising,StarWarsDarkForceRising,TimothyZahn,MarcThompson,StarWarsTheThrawnTrilogy2,SpacewarfareSpaceOperaScienceFictionEpicActionAdventureAliens
